id;nom;prenom;etablissement;grade;diplome;cin;rib;email;diplome_pj;diplome_pj_content_type;telephone
1;Salad;digital;copying;channels Handcrafted Fresh Chips;Buckinghamshire;Handmade Metal Bike Future;Steel Home Loan Account Malagasy Ariary;Berta86@yahoo.com;../fake-data/blob/hipster.png;image/png;(894) 155-3098 x6975
2;Tactics azure wireless;content;Alabama;index Principal;Parkways scalable neural;SDD withdrawal Upgradable;Assurance;Henriette.Beahan@yahoo.com;../fake-data/blob/hipster.png;image/png;899.572.0802
3;Avon incubate back-end;connecting;mesh;invoice killer;Florida;Integration reboot Graphical User Interface;Generic conglomeration;Clyde_Hettinger49@yahoo.com;../fake-data/blob/hipster.png;image/png;1-412-134-5051
4;Moldova;content quantifying Response;green Sleek;utilisation Ergonomic Plastic;Savings Account;Tugrik;Plastic;Fay63@yahoo.com;../fake-data/blob/hipster.png;image/png;196.562.1632
5;Handmade Concrete Fish focus group indexing;JSON cross-media Illinois;Interactions Avon transmitting;Legacy;1080p service-desk;Outdoors;olive Music;Jesus.Kutch@gmail.com;../fake-data/blob/hipster.png;image/png;526-926-1785 x122
6;array Curve;strategic;withdrawal;mobile silver Future;Cuban Peso Peso Convertible;Cuban Peso Peso Convertible;Table holistic multi-byte;Claude44@yahoo.com;../fake-data/blob/hipster.png;image/png;(357) 710-1528 x03260
7;Towels Car;distributed;Highway;Gorgeous;Regional 1080p Ergonomic Metal Salad;Configuration Pizza;Cotton expedite efficient;Edgardo.Gutkowski@gmail.com;../fake-data/blob/hipster.png;image/png;(273) 108-4166
8;payment;Soft;port Kansas Fresh;Handmade Wooden Pizza Uganda Shilling Mexican Peso Mexican Unidad de Inversion (UDI);Investment Account;Chips Personal Loan Account firewall;experiences;Justen60@gmail.com;../fake-data/blob/hipster.png;image/png;434-687-6507 x44602
9;Producer SMTP;Up-sized drive;customized Baht Tasty;payment;lime Bacon incremental;XML;Chips;Valerie97@hotmail.com;../fake-data/blob/hipster.png;image/png;430.772.2348
10;calculating Metal Investment Account;Shirt;Senior lavender;deposit zero defect;Georgia;Communications Berkshire XML;Bedfordshire;Clotilde26@hotmail.com;../fake-data/blob/hipster.png;image/png;1-686-677-7274
