id;titre;data;data_content_type
1;Metal alarm challenge;../data/blob/hipster.png;image/png
2;JBOD systems Keyboard;../data/blob/hipster.png;image/png
3;Kwacha;../data/blob/hipster.png;image/png
4;Antarctica (the territory South of 60 deg S);../data/blob/hipster.png;image/png
5;programming blue innovate;../data/blob/hipster.png;image/png
6;pink SQL programming;../data/blob/hipster.png;image/png
7;Handmade copy;../data/blob/hipster.png;image/png
8;Turnpike quantifying Harbor;../data/blob/hipster.png;image/png
9;Networked transmitting;../data/blob/hipster.png;image/png
10;back-end Bike bandwidth;../data/blob/hipster.png;image/png
