id;titre;data;data_content_type;type_document
1;Specialist Fresh card;../data/blob/hipster.png;image/png;PROFESSEUR
2;Strategist;../data/blob/hipster.png;image/png;MASTER_EXECUTIF
3;Falkland Islands (Malvinas) invoice Courts;../data/blob/hipster.png;image/png;MASTER_EXECUTIF
4;Ergonomic Concrete Bike Small Rubber Shoes;../data/blob/hipster.png;image/png;MASTER_EXECUTIF
5;Incredible Focused;../data/blob/hipster.png;image/png;LICENCE
6;matrices visionary Officer;../data/blob/hipster.png;image/png;LICENCE
7;4th generation interfaces zero tolerance;../data/blob/hipster.png;image/png;PROFESSEUR
8;Avon bandwidth;../data/blob/hipster.png;image/png;PROFESSEUR
9;Refined Frozen Towels Beauty North Korean Won;../data/blob/hipster.png;image/png;MASTER_EXECUTIF
10;Springs Rubber;../data/blob/hipster.png;image/png;LICENCE
